{"cameraMode":{"drawMode":0,"name":"Shaded","section":"Shading Mode"},"sceneLighting":false,"audioPlay":false,"sceneViewState":{"showFog":true,"showMaterialUpdate":false,"showSkybox":false,"showFlares":true,"showImageEffects":true,"showParticleSystems":true},"in2DMode":false,"pivot":{"x":16.36650276184082,"y":8.14488410949707,"z":-1.3330268859863282},"rotation":{"x":-0.17406636476516725,"y":0.7076123356819153,"z":-0.18695969879627229,"w":-0.6588121056556702},"size":-3.585475444793701,"orthographic":false}